article_id,title,status,source_url,missing_image_count
3580480498-2247486430_1,一份情怀挂耳包 | 我的小岛 & SmallArmsBigHeart,body_missing,https://mp.weixin.qq.com/s/w3aTKLCNRLrKDORIXZicAg,0
3580480498-2247483997_5,【咖啡产区系列NO.1】关于埃塞俄比亚（干货收藏贴）,body_missing,https://mp.weixin.qq.com/s/nrzOSgKPUBm8HRZADi-zIA,0
3580480498-2247487027_2,我们的挂耳包出新成员啦，Sangmin特别设计的“小恐龙”插画系列，原定是夏季推出的，现在拖个夏天的尾巴上市，接下来的一个月会以它为主发货，希望大家喜欢哦～（咖啡有埃塞有肯尼亚，云南，哥斯达黎加，拼配等等深焙浅焙都有，别挑食！）,partial_image_message,https://mp.weixin.qq.com/s/SkJ6qZjhdu50sqCCNyokLw,0
3580480498-2247487231_1,Decade x 有容乃大 - 11.7 分享会,body_missing,https://mp.weixin.qq.com/s/NHX14k9u0-UNWWWIrj-c3g,0
3580480498-2247488230_2,关于新豆袋：撕口不友好（实在抱歉了大家伙，下一批改进）；没有打阀（浅焙的没打阀，  故意如此，觉得实属没必要打）；封口有烫的褶皱（可能是因为可降解材料，不耐高温）；日期章有模糊（也是这个料子的锅，墨容易晕开，现在换贴纸和喷码）//丢垃圾时，最好把透明贴纸撕掉再丢，就可完全降解了。,partial_image_message,https://mp.weixin.qq.com/s/lpBO044Q9quuAw2sOwlgHQ,0
3580480498-2247488333_2,正确撕口方式-沿着撕口处的激光线一气呵成~注意~要一气呵成,body_unusable_cache,https://mp.weixin.qq.com/s/whplmRnz0PglhFjOW4Rn3Q,0
3580480498-2247488519_2,"地址：北京西路1622号底楼东铺
营业时间：08:30 - 18:30 
后期营运时间可能调整，法定假日或店休
具体以公众号，平台营业时间（点评，美团，饿了吗等）告知为准
欢迎新老朋友莅临指导交流！",partial_image_message,https://mp.weixin.qq.com/s/_YWvM8pOGrIutiC85iblww,0
3580480498-2247488939_4,危地马拉 - 可乐庄园 帕卡玛拉 水洗 - Pacamara水洗终于来了-番石榴、青苹果、夏威夷果尾韵,body_missing,https://mp.weixin.qq.com/s/ApwtonNQQDwPZAE0NQn9eA,0
3580480498-2247488939_6,哥伦 - 圣洁农场 瑰夏 日晒 Lot417 - 橙子、绿葡萄、洋甘菊、绿茶感,body_missing,https://mp.weixin.qq.com/s/3mjqPWRRyc_k3KpgwuaViQ,0
3580480498-2247490943_1,静安咖啡节（月底五一假期）的一些预告，有点小兴奋，搓搓小手哈哈哈,body_missing,https://mp.weixin.qq.com/s/YQL4y_iKC8WHayf3HGleOg,0
3580480498-2247492757_3,危地马拉 - 法汉尼斯 美景庄园 瑰夏 日晒 - 咖啡花香、甜橙、油桃、蓝莓、果汁感,body_missing,https://mp.weixin.qq.com/s/F68ZFzNQzsVFz3R3Rf7eyg,0
3580480498-2247495507_3,巴拿马 - 迷失大陆 卡斯特拉拉庄园 瑰夏 厌氧酵母蜜处理 - 番石榴、金橘、柚子、树莓、西梅、黑巧,body_unusable_cache,https://mp.weixin.qq.com/s/YoQtrgRg8VdY3TRZLz8o6A,0
3580480498-2247496064_1,2026产区行～走到哪写到哪～第1天和第2天,body_unusable_cache,https://mp.weixin.qq.com/s/4WwQ5MuyMJZEpSBBPesOtQ,0
