article_id,title,status,meaningful_chars,image_refs,flags,source_url
3580480498-2247486438_1,失物招领 - 相机皮外套底座,body_recovered,61,1,image_dominant_or_short,https://mp.weixin.qq.com/s/lEmEvo_UH5QN8lp5tcTHAg
3580480498-2247486437_3,Music of Dec 十二月歌,body_recovered,40,5,image_dominant_or_short,https://mp.weixin.qq.com/s/htFsWpcD1mUJ-q9wGCDKKA
3580480498-2247486436_2,Music of Dec 十二月歌,body_recovered,40,5,image_dominant_or_short,https://mp.weixin.qq.com/s/KG-1W5zpnrZ4evmg4bZ2-A
3580480498-2247486434_1,店休通知-2018-01-01,body_recovered,36,1,image_dominant_or_short,https://mp.weixin.qq.com/s/-eMa-5SW5TYJPDSKDiwBYw
3580480498-2247486433_3,我们建群啦-欢迎加入！,body_recovered,53,1,image_dominant_or_short,https://mp.weixin.qq.com/s/rrGsY20VDp-q-mRgId_-iQ
3580480498-2247486430_1,一份情怀挂耳包 | 我的小岛 & SmallArmsBigHeart,body_missing,0,0,known_body_gap,https://mp.weixin.qq.com/s/w3aTKLCNRLrKDORIXZicAg
3580480498-2247486427_2,两款新的滑滑T,body_recovered,47,5,image_dominant_or_short,https://mp.weixin.qq.com/s/upbJABELCYhJGPAc9m7pfQ
3580480498-2247483687_1,真好 | 有24小时打印店,body_recovered,41,2,image_dominant_or_short,https://mp.weixin.qq.com/s/j7HboyqI3vEfvk4xfIYd0Q
3580480498-2247483687_2,3.25 MESH团队,body_recovered,85,1,image_dominant_or_short,https://mp.weixin.qq.com/s/aG1WfEANnY0zsGSTwLPelA
3580480498-2247486423_1,SABH | 5.1 店休,body_recovered,85,2,image_dominant_or_short,https://mp.weixin.qq.com/s/XxCyQHrxFaiQa-bpnHO9PQ
3580480498-2247483709_1,LT | 5.1店休,body_recovered,80,1,image_dominant_or_short,https://mp.weixin.qq.com/s/4tBAYO5nVjadj-yzdvx7eQ
3580480498-2247486417_3,公开杯测 #14 | 巴西 日晒,body_recovered,86,1,image_dominant_or_short,https://mp.weixin.qq.com/s/pLODM521nhKx0Q7TtQ93hg
3580480498-2247486417_4,公开杯测 #15 | 巴西 半日晒,body_recovered,87,1,image_dominant_or_short,https://mp.weixin.qq.com/s/2bTumgLR2hEjoaPIjqfKxg
3580480498-2247486415_1,Butter & LT Pop-up,body_recovered,79,1,image_dominant_or_short,https://mp.weixin.qq.com/s/tVUMaHgQhsUkmgrfgkFkTw
3580480498-2247486411_4,平日营业时间延长1小时,body_recovered,84,0,image_dominant_or_short,https://mp.weixin.qq.com/s/YD8ppl99iSAsibAzbNXy-w
3580480498-2247483997_5,【咖啡产区系列NO.1】关于埃塞俄比亚（干货收藏贴）,body_missing,0,0,known_body_gap,https://mp.weixin.qq.com/s/nrzOSgKPUBm8HRZADi-zIA
3580480498-2247486410_1,通知 | 意式咖啡调价+5,body_recovered,50,0,image_dominant_or_short,https://mp.weixin.qq.com/s/buRF7CKveMJUNkmfZfa7jQ
3580480498-2247486407_1,活动 | Butter Pop-Up 周六,body_recovered,54,1,image_dominant_or_short,https://mp.weixin.qq.com/s/iPhsMN8nFXD3HQMHhoHsaw
3580480498-2247486405_1,中秋节放假通知,body_recovered,43,1,image_dominant_or_short,https://mp.weixin.qq.com/s/l4mDb6f7SP3yO6yT2qJtYg
3580480498-2247486404_1,放假 | 10.1-3日店休,body_recovered,37,1,image_dominant_or_short,https://mp.weixin.qq.com/s/5FUDXmr0D0MQ64afrMOrZw
3580480498-2247484136_1,放假|10.1-3号店休,body_recovered,33,1,image_dominant_or_short,https://mp.weixin.qq.com/s/rzZwmPb1DZf4Uhi-sdrTtQ
3580480498-2247486401_4,一本小书 | Coffee Spanish,body_recovered,20,1,image_dominant_or_short,https://mp.weixin.qq.com/s/N2a_ySgqwa65pzLaud5OiQ
3580480498-2247486400_5,新颜 | 灯箱 & 背板,body_recovered,8,2,image_dominant_or_short,https://mp.weixin.qq.com/s/QF_YX_8TLU9x30UK3k1p5g
3580480498-2247484286_1,活动 | 2018-11-06 19:00 锤子线下观影,body_recovered,48,2,image_dominant_or_short,https://mp.weixin.qq.com/s/SKKB71eQDMGfUIRav2TQiQ
3580480498-2247484286_2,活动预告 | 11.16 - 11.18 上生新所,body_recovered,7,1,image_dominant_or_short,https://mp.weixin.qq.com/s/jNnGbfdH56cC-s3SXJjGVQ
3580480498-2247484292_1,活动 | LET'S HANDLE IT,body_recovered,45,2,image_dominant_or_short,https://mp.weixin.qq.com/s/yVWlN4WqSIrY0W_AHyZbWQ
3580480498-2247484358_3,No underwater hockey no coffee,body_recovered,414,14,background_asset_not_in_image_manifest,https://mp.weixin.qq.com/s/lrHg5J0iu0ytT1DMkicskw
3580480498-2247486399_2,活动 | CAFEEX 12.9-11,body_recovered,74,1,image_dominant_or_short,https://mp.weixin.qq.com/s/5PCmp9zksUiscDhXnG7tYA
3580480498-2247486396_1,预售| 新年礼盒咖啡豆分享包,body_recovered,93,4,image_dominant_or_short,https://mp.weixin.qq.com/s/BufJmJWM_uf_UJCglDwUmg
3580480498-2247486393_2,招聘 | 浦东芳华路,body_recovered,5,1,image_dominant_or_short,https://mp.weixin.qq.com/s/eFrONmIRIQ9-etYU9wjBAA
3580480498-2247486390_1,活动 | 4月1日 - 4月4日 [N6C13],body_recovered,85,2,image_dominant_or_short,https://mp.weixin.qq.com/s/nndRT0_OBJdRd7T-TveFfg
3580480498-2247486390_3,号外 | 走失小柴，找主人 - 南京西路12号线威海路口，发现小柴一只,body_recovered,37,2,image_dominant_or_short,https://mp.weixin.qq.com/s/4TZC82VfPpwxfDgiTrZICA
3580480498-2247484716_1,四大专属树种丨哥伦比亚咖啡树种进化史,body_recovered,2488,16,omitted_original_area_primary;longer_db_content_html_fragment,https://mp.weixin.qq.com/s/KYL7GbQEdamR_6Lbl2AnJQ
3580480498-2247484716_2,哥伦比亚咖啡的秘密丨丰饶之境,body_recovered,1475,15,omitted_original_area_primary;longer_db_content_html_fragment,https://mp.weixin.qq.com/s/n1jJpG2bzBhBFHEDs6mUDg
3580480498-2247486370_3,活动 | 11.15本周五下午4-6点- 卢旺达杯测会,body_recovered,82,1,image_dominant_or_short,https://mp.weixin.qq.com/s/2v8ihElrJ8LsALIs4ixWjA
3580480498-2247486369_1,活动 | 广州展 12.12 - 12.14,body_recovered,62,1,image_dominant_or_short,https://mp.weixin.qq.com/s/HK5ACa7qS7Y-PFFpzJi8XA
3580480498-2247486366_1,江湖再见 | 世茂声音小镇店结业通知,body_recovered,86,2,image_dominant_or_short,https://mp.weixin.qq.com/s/aBkUD0VevSMEVzQs9VsgJg
3580480498-2247486506_1,门店与微店营业调整,body_recovered,85,1,image_dominant_or_short,https://mp.weixin.qq.com/s/ybDWnfb2VIlYp9fFFkbvcA
3580480498-2247486525_1,浦东店营业时间调整,body_recovered,59,2,image_dominant_or_short,https://mp.weixin.qq.com/s/6ZurUknVBd6MISvEyxnuXA
3580480498-2247486644_2,上新 - 埃塞 新产季 空运批次 与 柏拉图 有的一拼,body_recovered,20,1,image_dominant_or_short,https://mp.weixin.qq.com/s/Xt3XeCLNQH8K-G0fEvxA0w
3580480498-2247486741_2,R.W.A - 即将抵达,body_recovered,10,1,image_dominant_or_short,https://mp.weixin.qq.com/s/B0JToKAE6O-gTu3-PV8qNg
3580480498-2247486875_2,周边 | Socks & Pins,body_recovered,23,24,image_dominant_or_short,https://mp.weixin.qq.com/s/qcYIoRIe1pMXFoGV7GZDxg
3580480498-2247486976_1,店更 | Coffee of Sep 2020 Pt.1,body_recovered,61,3,image_dominant_or_short,https://mp.weixin.qq.com/s/2-J0b0CghqRB3YFucI6D6w
3580480498-2247487017_1,店更 | Coffee of Sep 2020 Pt.2,body_recovered,80,4,image_dominant_or_short,https://mp.weixin.qq.com/s/softPhYq1HkBssx6ifyraw
3580480498-2247487027_2,我们的挂耳包出新成员啦，Sangmin特别设计的“小恐龙”插画系列，原定是夏季推出的，现在拖个夏天的尾巴上市，接下来的一个月会以它为主发货，希望大家喜欢哦～（咖啡有埃塞有肯尼亚，云南，哥斯达黎加，拼配等等深焙浅焙都有，别挑食！）,partial_image_message,114,0,known_body_gap,https://mp.weixin.qq.com/s/SkJ6qZjhdu50sqCCNyokLw
3580480498-2247487038_2,店更： 国庆（1-4号）浦东芳华路店店休， 浦西梅陇镇店照常营业；国庆期间，梅陇镇店豆子有店多，请大家踊跃尝试，帮助消耗消耗，哈哈哈,body_recovered,64,1,image_dominant_or_short,https://mp.weixin.qq.com/s/T0kO1E3L_-wzstGMB_F6VA
3580480498-2247487177_3,招人 ｜ 浦东店需要人手,body_recovered,78,0,image_dominant_or_short,https://mp.weixin.qq.com/s/MOKAyh18KKHrugKNepaifQ
3580480498-2247487187_2,预告 ｜Decade x 有容乃大 快闪 11.3,body_recovered,81,1,image_dominant_or_short,https://mp.weixin.qq.com/s/1yMbj2UdAgSR4KYuHM6Byw
3580480498-2247487231_1,Decade x 有容乃大 - 11.7 分享会,body_missing,0,0,known_body_gap,https://mp.weixin.qq.com/s/NHX14k9u0-UNWWWIrj-c3g
3580480498-2247487234_1,"大家都在发剁手促销，我也跟一个
3个小时，看看能促成多少业绩～

#我们的第一年11.11",body_recovered,42,1,image_dominant_or_short,https://mp.weixin.qq.com/s/vhEj0rkHXp7dD1PkcUGZ4Q
3580480498-2247487300_1,开业预热|让我们恭迎这只猫….共和新路的便利生活开始咯-美式美式美式,body_recovered,390,20,omitted_original_area_primary;longer_db_content_html_fragment,https://mp.weixin.qq.com/s/DJ01SofDRYzaVtgpItLAqg
3580480498-2247487398_4,接龙 ｜ 12+2 老带新 一波,body_recovered,7,1,image_dominant_or_short,https://mp.weixin.qq.com/s/k-RIrpfV0kNAji8NYDnqZg
3580480498-2247487581_1,我想知道谁会买这78只豆子,body_recovered,5,1,image_dominant_or_short,https://mp.weixin.qq.com/s/Wdms_CWx63-sqrySblWIng
3580480498-2247487724_2,2021春节门店营业时间,body_recovered,31,1,image_dominant_or_short,https://mp.weixin.qq.com/s/C0KIbEM5cE6V6H47rog2EA
3580480498-2247487728_2,2021春节门店营业时间,body_recovered,31,1,image_dominant_or_short,https://mp.weixin.qq.com/s/5z2qPBdMYABLibPyCWv6rQ
3580480498-2247488223_1,招聘 - 浦东店,body_recovered,79,0,image_dominant_or_short,https://mp.weixin.qq.com/s/XqAQiVWLna5-pSLnOXgJqQ
3580480498-2247488230_1,挂耳包大作战-囤货啦,body_recovered,47,2,image_dominant_or_short,https://mp.weixin.qq.com/s/2USH8JkeXvPVD3C6FGOgLA
3580480498-2247488230_2,关于新豆袋：撕口不友好（实在抱歉了大家伙，下一批改进）；没有打阀（浅焙的没打阀，  故意如此，觉得实属没必要打）；封口有烫的褶皱（可能是因为可降解材料，不耐高温）；日期章有模糊（也是这个料子的锅，墨容易晕开，现在换贴纸和喷码）//丢垃圾时，最好把透明贴纸撕掉再丢，就可完全降解了。,partial_image_message,138,0,known_body_gap,https://mp.weixin.qq.com/s/lpBO044Q9quuAw2sOwlgHQ
3580480498-2247488333_2,正确撕口方式-沿着撕口处的激光线一气呵成~注意~要一气呵成,body_unusable_cache,0,0,known_body_gap;omitted_js_common_share_desc_wrap;longer_raw_fragment;longer_db_content_html_fragment,https://mp.weixin.qq.com/s/whplmRnz0PglhFjOW4Rn3Q
3580480498-2247488519_2,"地址：北京西路1622号底楼东铺
营业时间：08:30 - 18:30 
后期营运时间可能调整，法定假日或店休
具体以公众号，平台营业时间（点评，美团，饿了吗等）告知为准
欢迎新老朋友莅临指导交流！",partial_image_message,92,0,known_body_gap,https://mp.weixin.qq.com/s/_YWvM8pOGrIutiC85iblww
3580480498-2247488837_1,一份来自年终总结100+豆子,body_recovered,74,2,image_dominant_or_short,https://mp.weixin.qq.com/s/8SWSzzvakNO00cDWz0-4Tg
3580480498-2247488939_4,危地马拉 - 可乐庄园 帕卡玛拉 水洗 - Pacamara水洗终于来了-番石榴、青苹果、夏威夷果尾韵,body_missing,0,0,known_body_gap,https://mp.weixin.qq.com/s/ApwtonNQQDwPZAE0NQn9eA
3580480498-2247488939_6,哥伦 - 圣洁农场 瑰夏 日晒 Lot417 - 橙子、绿葡萄、洋甘菊、绿茶感,body_missing,0,0,known_body_gap,https://mp.weixin.qq.com/s/3mjqPWRRyc_k3KpgwuaViQ
3580480498-2247489136_1,4.1号解封-接单不停，生产不停,body_recovered,39,1,image_dominant_or_short,https://mp.weixin.qq.com/s/8FBFTA7iTEPEKOcqUGW_rw
3580480498-2247489149_2,重要！！！解封~快递通之前的买豆方式,body_recovered,18,1,image_dominant_or_short,https://mp.weixin.qq.com/s/38jX22Wqw3vpwUXo57IEvw
3580480498-2247489251_1,门店恢复营业 - 仅限外带,body_recovered,28,1,image_dominant_or_short,https://mp.weixin.qq.com/s/H0NQhgYJC2ajXMAz8ykelg
3580480498-2247489308_1,618大促今晚20:00开跑～买满即赠、竞品/瑰夏单品盲盒,body_recovered,14,16,image_dominant_or_short,https://mp.weixin.qq.com/s/wmmG-5_Iyhiyt58WUxL_Gw
3580480498-2247489308_2,买满即赠｜封魔咖啡杯,body_recovered,32,9,image_dominant_or_short,https://mp.weixin.qq.com/s/lFLh7yWU-kTRP8HMXsVssg
3580480498-2247489627_1,今晚8点淘宝店铺活动 - 别错过哟,body_recovered,75,3,image_dominant_or_short,https://mp.weixin.qq.com/s/tBCHPlqE-50UkDEm-ukhKA
3580480498-2247489717_5,满百包邮 - 心情文字，非软文,body_recovered,51,1,image_dominant_or_short,https://mp.weixin.qq.com/s/SUphIjHDAait2SoZv5F-KA
3580480498-2247489953_8,周六夜狂欢第五期 - 秒杀促销 ABRACADABRA,body_recovered,17,2,image_dominant_or_short,https://mp.weixin.qq.com/s/HuyZyfkve7Sos-WU03hHEg
3580480498-2247489977_2,周六夜狂欢第六期 - 秒杀促销 ABRACADABRA,body_recovered,76,1,image_dominant_or_short,https://mp.weixin.qq.com/s/59mliBa11nPyepZUpKjK4A
3580480498-2247490070_1,国庆放假通知,body_recovered,65,1,image_dominant_or_short,https://mp.weixin.qq.com/s/fauGmWk9csVbF1En1XkW_A
3580480498-2247490124_1,周六夜狂欢第九期 - 秒杀促销 ABRACADABRA,body_recovered,8,2,image_dominant_or_short,https://mp.weixin.qq.com/s/7snCdfHRUswEf_VSn3Cg0A
3580480498-2247490141_6,"Garden Heights 2022 已经准备好了~北京路店可以喝到首锅了

谨言慎行",body_recovered,39,2,image_dominant_or_short,https://mp.weixin.qq.com/s/ZLrBhzjRyX7tTJgLKAuS-Q
3580480498-2247490230_1,双十一第二波专属福利,body_recovered,28,12,image_dominant_or_short,https://mp.weixin.qq.com/s/M4iPvycrYY3CHDFPksFVyw
3580480498-2247490252_3,周六夜狂欢第十一期 - 秒杀促销 ABRACADABRA,body_recovered,0,3,image_dominant_or_short,https://mp.weixin.qq.com/s/6owW_4yIAo9kkV0M3wjpFg
3580480498-2247490331_1,周六夜狂欢第十二期 - 秒杀促销 ABRACADABRA,body_recovered,0,1,image_dominant_or_short,https://mp.weixin.qq.com/s/W3kjhh5SMjZiZoKM8KMWVA
3580480498-2247490362_1,双十二狂欢年末最后一次大促-冲鸭,body_recovered,80,12,image_dominant_or_short,https://mp.weixin.qq.com/s/rU0uBoQgOx0SxdCdmdoO-g
3580480498-2247490366_1,双十二狂欢年末最后一次大促-冲鸭（勘误）,body_recovered,61,12,image_dominant_or_short,https://mp.weixin.qq.com/s/DE8vekCUysCv5MMwroA2Og
3580480498-2247490414_1,2023 DO!T  - 年终总结预计Jan 13发出,body_recovered,95,3,image_dominant_or_short,https://mp.weixin.qq.com/s/ha2TNqaxdDVTx3RpZUzEgQ
3580480498-2247490524_7,Recap 2022 - DoDoDoDoDo精美照片-还有最后2套,body_recovered,26,12,image_dominant_or_short,https://mp.weixin.qq.com/s/3uz-fWH2ITxY4EeigKNBGw
3580480498-2247490943_1,静安咖啡节（月底五一假期）的一些预告，有点小兴奋，搓搓小手哈哈哈,body_missing,0,0,known_body_gap,https://mp.weixin.qq.com/s/YQL4y_iKC8WHayf3HGleOg
3580480498-2247491259_2,6.1号上午-展会8.2馆G58-QIMA展台～我冲咖啡你来喝不,body_recovered,94,2,image_dominant_or_short,https://mp.weixin.qq.com/s/bhQ5Jlz-QqRzvUkbb0kD8g
3580480498-2247491414_5,周六夜狂欢第十四期 - 秒杀促销,body_recovered,14,3,image_dominant_or_short,https://mp.weixin.qq.com/s/MEzsyMBXYTmsEeibR_n5NQ
3580480498-2247491462_1,周六夜狂欢第十五期 - 秒杀促销,body_recovered,75,5,image_dominant_or_short,https://mp.weixin.qq.com/s/7TrA_PzONQ7qzK2MK6Fuig
3580480498-2247491472_1,周六夜狂欢第十六期 - 秒杀促销（晚上8点定时上架开启）,body_recovered,14,3,image_dominant_or_short,https://mp.weixin.qq.com/s/Tt7jCZoiIefzz5_f7whIQA
3580480498-2247491570_1,周六夜狂欢第十七期 - 秒杀促销（晚上8点定时上架开启）,body_recovered,61,4,image_dominant_or_short,https://mp.weixin.qq.com/s/Ghj-uuyDcqKzilGfc1xXKw
3580480498-2247491599_1,周六夜狂欢第十八期 - 秒杀促销（晚上8点定时上架开启）,body_recovered,61,4,image_dominant_or_short,https://mp.weixin.qq.com/s/SwXPkMyuuvmhQqwoAUqs8g
3580480498-2247491701_2,周六夜狂欢第二十一期 - 秒杀促销,body_recovered,61,4,image_dominant_or_short,https://mp.weixin.qq.com/s/8bh3cBg0UlrHpWCnoGQdLA
3580480498-2247491748_4,9/13-9/14 - 团建休假 - 门店和工厂工作调整,body_recovered,94,1,image_dominant_or_short,https://mp.weixin.qq.com/s/_h168jFKTi2F5woicrqtXg
3580480498-2247492253_1,周六夜狂欢第二十六期 - 秒杀晚上8点上线,body_recovered,81,4,image_dominant_or_short,https://mp.weixin.qq.com/s/qAAgth2yj2yQvV_V73tLgQ
3580480498-2247492420_1,年终节今晚20:00 / Seeing & Believing主题16克咖啡豆品鉴包/挂耳咖啡套装上线,body_recovered,64,18,image_dominant_or_short,https://mp.weixin.qq.com/s/uyCIFqkNeelDx8gVgrbBsg
3580480498-2247492420_3,Seeing & Believing,body_recovered,29,1,image_dominant_or_short,https://mp.weixin.qq.com/s/W814iAb5cPV0CgNvUO89JA
3580480498-2247492608_1,周六夜狂欢第二十八期 - 秒杀晚上8点上线,body_recovered,85,2,image_dominant_or_short,https://mp.weixin.qq.com/s/dxRXmCYP7gJKBdwHFXwctQ
3580480498-2247492655_3,2024春节- 工厂- 放假通知,body_recovered,43,1,image_dominant_or_short,https://mp.weixin.qq.com/s/-8LMLcasmBm1recFTsdMbQ
3580480498-2247492679_2,周六夜狂欢第二十九期 - 秒杀晚上8点上线,body_recovered,99,2,image_dominant_or_short,https://mp.weixin.qq.com/s/PZfdSuVu4TtX7CUPFv4E0g
3580480498-2247492716_2,周六夜狂欢第三十期 - 秒杀晚上8点上线,body_recovered,90,2,image_dominant_or_short,https://mp.weixin.qq.com/s/iKb22DmwODJ9xhHsBfu-YQ
3580480498-2247492757_1,放假通知 - 门店,body_recovered,69,2,image_dominant_or_short,https://mp.weixin.qq.com/s/x6Y8x1liymaxH4SHjyJdoQ
3580480498-2247492757_2,咖啡豆分享包盲盒-过年适量屯-大鱼大肉后,body_recovered,80,1,image_dominant_or_short,https://mp.weixin.qq.com/s/dOLZtS6cFw8XYcVWiNm4pA
3580480498-2247492757_3,危地马拉 - 法汉尼斯 美景庄园 瑰夏 日晒 - 咖啡花香、甜橙、油桃、蓝莓、果汁感,body_missing,0,0,known_body_gap,https://mp.weixin.qq.com/s/F68ZFzNQzsVFz3R3Rf7eyg
3580480498-2247493204_3,"好漂酿呀, 得意的笑",body_recovered,23,4,image_dominant_or_short,https://mp.weixin.qq.com/s/-OQ6bF-fEnU_IrM6W1HOfQ
3580480498-2247494348_6,最近特别想说的,body_recovered,44,0,image_dominant_or_short,https://mp.weixin.qq.com/s/DWIXVQKJ2EfvfqQ-xDwH-A
3580480498-2247495124_3,肯尼亚 - 秀一下新的品鉴套装“暗黑系”～hiahiahia - 9.22上架,body_recovered,49,1,image_dominant_or_short,https://mp.weixin.qq.com/s/PmxSqulX0WSxrS93ZWuiLA
3580480498-2247495507_3,巴拿马 - 迷失大陆 卡斯特拉拉庄园 瑰夏 厌氧酵母蜜处理 - 番石榴、金橘、柚子、树莓、西梅、黑巧,body_unusable_cache,0,0,known_body_gap,https://mp.weixin.qq.com/s/YoQtrgRg8VdY3TRZLz8o6A
3580480498-2247495854_1,有容乃大 Lovely Thoughts （浦东店）关店通知 - 2026.3.31号最后一天营业。,body_recovered,66,2,image_dominant_or_short,https://mp.weixin.qq.com/s/88s-DYzLQnl4F5x8iiwDIg
3580480498-2247496064_1,2026产区行～走到哪写到哪～第1天和第2天,body_unusable_cache,0,0,known_body_gap,https://mp.weixin.qq.com/s/4WwQ5MuyMJZEpSBBPesOtQ
